{
    "machine_info": {
        "processor": "arm"
    },
    "benchmarks": [
        {
            "name": "test_fib",
            "min": 0.0005018750671297312,
            "max": 0.0007110420847311616,
            "mean": 0.0005389898316434531,
            "stddev": 9.912253932227136e-06,
            "rounds": 1862
        }
    ]
}